Sede,Red Social,URL
EARGE,Facebook,facebook.com/ArgentinaEnArgelia
EARGE,Instagram,https://instagram.com/argenargelia
EARGE,Twitter,https://twitter.com/ARGenArgelia
EANGO,Facebook,https://www.facebook.com/ArgentinaEnAngola/
EANGO,Instagram,https://www.instagram.com/embargentinaenangola/
EARME,Facebook,https://www.facebook.com/ArgentinaEnArmenia
EARME,Instagram,https://www.instagram.com/arginarmenia/
EARME,Twitter,https://twitter.com/ARGinArmenia
CSIDN,Facebook,https://www.facebook.com/ArgentinaEnSidney/
EAUST,Facebook,https://www.facebook.com/ArgentinaEnAustralia/
EAUST,Twitter,https://twitter.com/ARGinAustralia
ETRIA,Facebook,https://www.facebook.com/ArgentinaEnAustria/
ETRIA,Instagram,https://www.instagram.com/argenviena/
ETRIA,Twitter,https://twitter.com/ARGenViena
EAZER,Facebook,https://www.facebook.com/EmbassyOfArgentina/
EAZER,Instagram,www.instagram.com/embargentinaaz
EAZER,Twitter,www.twitter.com/ARGEnAzer
EBARB,Facebook,https://www.facebook.com/ArgentinaEnBarbados/
EBELG,Facebook,https://www.facebook.com/ArgentinaEnBelgica/
EBELG,Instagram,https://www.instagram.com/argenbelgica/
ECEUR,Facebook,https://www.facebook.com/ARGanteUE
ECEUR,Flickr,https://www.flickr.com/people/197084220@N02/
ECEUR,Linkedin,https://www.linkedin.com/company/arganteue
ECEUR,Twitter,https://twitter.com/ARGanteUE
ECEUR,Youtube,https://www.youtube.com/@ARGanteUE
CCOCH,Facebook,wwww.facebook.com/ArgentinaEnCochabamba
CSCRS,Facebook,https://www.facebook.com/p/Consulado-de-la-Rep%C3%BAblica-Argentina-en-Santa-Cruz-de-la-Sierra-100069410160459/?locale=es_ES
CVILL,Facebook,https://www.facebook.com/ArgEnVillazon
EBOLV,Facebook,https://www.facebook.com/EmbajadaArgentinaBolivia/?locale=es_LA
EBOLV,Instagram,https://www.instagram.com/embajada_argentina_en_bolivia/
EBOLV,Twitter,https://twitter.com/embaargbolivia?lang=es
CALEG,Facebook,https://www.facebook.com/ArgentinaEnPortoAlegre/
CALEG,Instagram,https://www.instagram.com/argenportoalegre/
CALEG,Twitter,https://twitter.com/ArgPortoAlegre
CBELO,Facebook,https://www.facebook.com/ArgentinaEnBeloHorizonte/
CBELO,Instagram,https://www.instagram.com/consgralbelo/
CBELO,Twitter,https://twitter.com/consgralbelo
CCURI,Facebook,https://www.facebook.com/ArgEnCuritiba/
CCURI,Instagram,https://instagram.com/argEncuritiba
CCURI,Twitter,https://twitter.com/ARGenCuri
CFDIG,Facebook,https://www.facebook.com/ArgentinaEnFozDeIguazu
CFDIG,Instagram,https://www.instagram.com/argentinaenfoz/
CFDIG,Twitter,https://twitter.com/argentinaenfoz
CFLOR,Facebook,https://www.facebook.com/cflor.mrecic.gov.ar
CFLOR,Instagram,https://www.instagram.com/argenflorianopolis/?hl=es
CRECI,Facebook,https://www.facebook.com/ArgentinaEnBrasilRecife
CRECI,Instagram,https://www.instagram.com/consuladoargentinorecife
CRIOJ,Facebook,https://www.facebook.com/ArgentinaEnRiodeJaneiro/
CSBAH,Facebook,https://www.facebook.com/ArgentinaenSalvador
CSBAH,Instagram,https://www.instagram.com/argentinaensalvador
CSBAH,Twitter,https://twitter.com/ArgentinaEnSSA
CURUG,Facebook,https://www.facebook.com/ArgEnUruguayana/
CURUG,Twitter,https://twitter.com/CURUGoK
EBRAS,Facebook,https://www.facebook.com/embargbrasil
EBRAS,Instagram,https://www.instagram.com/embaargenbrasil
EBRAS,Twitter,https://twitter.com/ArgentinaEnBras
EBULG,Facebook,https://www.facebook.com/ArgentinaEnBulgaria/
EBULG,Youtube,https://www.youtube.com/channel/UCK-uSxN84lEMqJwCviEjZow
CTORO,Facebook,https://www.facebook.com/ArgentinaEnToronto/
CTORO,Instagram,https://www.instagram.com/consuladoargtoronto/
ECANA,Facebook,https://www.facebook.com/ArgentinaInCanada
ECANA,Instagram,https://www.instagram.com/argentinaincanada/
ECANA,Linkedin,https://www.linkedin.com/company/argentinaincanada
ECANA,Twitter,https://twitter.com/ArginCanada
ECANA,Youtube,https://www.youtube.com/channel/UC77DGXZ2ppExRtV4WS4IV-A
ECHIN,Facebook,https://www.facebook.com/ArgentinaEnChina/?locale=es_LA
ECOLO,Facebook,https://www.facebook.com/ArgColombia/?ref=bookmarks
ECOLO,Instagram,https://www.instagram.com/argentinaencolombia/?hl=es
ECOLO,Twitter,https://x.com/argcolombia?lang=es
ERICA,Facebook,https://www.facebook.com/argentinaencostarica/
ECUBA,Facebook,https://www.facebook.com/ArgentinaEnCubaLaHabana/
ECHES,Facebook,https://www.facebook.com/ArgentinaEnRepCheca/
ECHES,Instagram,https://www.instagram.com/argentinaenpraga
EDINA,Facebook,https://www.facebook.com/EmbajadadeArgentinaenDinamarca/
EDOMI,Facebook,https://es-la.facebook.com/ArgentinaEnRepublicaDominicana/
EECUA,Facebook,https://www.facebook.com/Argentina-en-Ecuador-772092829594964/?ref=bookmarks
EECUA,Instagram,https://instagram.com/argentinaenecuador?igshid=1pzlw4ojakxjh
EECUA,Youtube,https://www.youtube.com/channel/UC7FnoaJNif8jQLyBb4QDKng
EEGIP,Facebook,facebook.com/ArgentinaenEgipto
EEGIP,Instagram,instagram.com/argenegipto/
EEGIP,Twitter,twitter.com/ARGenEgipto
ESALV,Facebook,https://www.facebook.com/ArgentinaEnElSalvador/
ESALV,Instagram,https://www.instagram.com/embargenelsalvador/
ESALV,Twitter,https://twitter.com/ARGenElSalvador
EETIO,Facebook,https://www.facebook.com/ArgEnEtiopia/
EETIO,Instagram,https://www.instagram.com/embaargenetiopia/
EETIO,Twitter,https://twitter.com/arethiopia
EFINL,Facebook,www.facebook.com/ArgentinaEnFinlandia/
EFINL,Instagram,www.instagram.com/argenfinlandia/
EFRAN,Facebook,https://www.facebook.com/ArgentinaEnFrancia/
EUNES,Facebook,https://www.facebook.com/delegation.argentine/
EUNES,Twitter,https://twitter.com/ArgentinaUNESCO
CBONN,Facebook,https://www.facebook.com/ConsuladoArgentinoenBonn
CBONN,Instagram,http://www.instagram.com/consulado.argentino.bonn
EALEM,Facebook,https://www.facebook.com/ArgEnAlemania/
EGREC,Facebook,https://www.facebook.com/ArgentinaEnGrecia
EGREC,Youtube,https://www.youtube.com/channel/UCFaKsErEs33zEdzJbnrzOog/featured
EUNGR,Facebook,https://www.facebook.com/ArgentinaEnHungria
CGMUM,Facebook,https://www.facebook.com/argenmumbai
CGMUM,Instagram,https://www.instagram.com/argenmumbai
CGMUM,Twitter,https://twitter.com/cgmum1
EINDI,Facebook,https://www.facebook.com/ArgentinaEnInd
EINDI,Instagram,https://www.instagram.com/argentinaenind/
EINDI,Twitter,https://twitter.com/ArgentinaEnInd
EISIA,Instagram,https://www.instagram.com/argentinaindonesia/?hl=es
EIRLA,Facebook,https://www.facebook.com/ArgentinaEnIrlanda/
EIRLA,Instagram,https://www.instagram.com/embajadaargentinairlanda
CGTEL,Facebook,https://www.facebook.com/ArgentinaEnIsrael/
EISRA,Facebook,https://www.facebook.com/ArgEnIsrael
EISRA,Twitter,https://twitter.com/argenisrael
CMILA,Facebook,https://www.facebook.com/ConsuladoArgentinoenMilan
CMILA,Instagram,https://www.instagram.com/consuladoargentinoenmilan/
CMILA,Youtube,https://www.youtube.com/channel/UCZdYeN4gttYEyX15xxkUNWQ
CROMA,Facebook,https://www.facebook.com/ArgEnRoma/?locale=bs_BA
CROMA,Instagram,https://www.instagram.com/consuladoargentinoenroma/
EITAL,Facebook,https://es-la.facebook.com/emb.roma/
EITAL,Instagram,https://www.instagram.com/arginitalia/?hl=es
EITAL,Twitter,https://twitter.com/arginitalia?lang=es
EMFAO,Twitter,https://twitter.com/argenfao
EJAMA,Facebook,https://www.facebook.com/ArgentinaEnJamaica/
EJAMA,Twitter,https://twitter.com/ARGenJamaica
EJAPO,Facebook,https://www.facebook.com/ArgJapon/?ref=bookmarks
EJAPO,Instagram,https://www.instagram.com/embajadaargentinaenjapon/?hl=es
EKENY,Facebook,www.facebook.com/ArgentinaEnKenia
EKENY,Instagram,https://www.instagram.com/argenkenya/
ECORE,Facebook,https://www.facebook.com/ArgentinaEnCorea/
ECORE,Instagram,https://www.instagram.com/embajadaargentinaencorea1/?hl=es
EKUWA,Facebook,www.facebook.com/ArgentinaenKuwait
EMSIA,Facebook,https://www.facebook.com/ArgentinaEnMalasia
EMEXI,Facebook,https://www.facebook.com/ARGenMexico/
EMEXI,Instagram,https://www.instagram.com/embargenmexico/
EMEXI,Twitter,https://twitter.com/@ARGenMexico
EMEXI,Youtube,https://www.youtube.com/user/EmbaArgenMX
EMARR,Instagram,https://www.instagram.com/marruecos.embajada/
EMARR,Twitter,https://twitter.com/ArgMarruecos
EMOZA,Facebook,https://www.facebook.com/ArgentinaEnMozambique/
EMOZA,Instagram,https://www.instagram.com/argenmozambique/?hl=es-la
EPBAJ,Facebook,https://www.facebook.com/ArgEnPaisesBajos/
EPBAJ,Twitter,https://twitter.com/ArgentinaEnPB
ENICA,Facebook,https://m.facebook.com/ArgentinaEnNicaragua/events/
ENICA,Instagram,https://www.instagram.com/argennicaragua/
ENIGE,Facebook,https://www.facebook.com/ArgentinaEnNigeria/
ENIGE,Instagram,https://www.instagram.com/embargennigeria/?igshid=f0laoeu8lhv8
ENORU,Facebook,https://www.facebook.com/ArgentinaEnNoruega/
ENORU,Instagram,https://www.instagram.com/ARGenNoruega/
EPAKI,Twitter,https://twitter.com/EmbajadadeArge1
EPNMA,Facebook,https://m.facebook.com/ArgentinaEnPanama/events/?ref=page_internal&locale=es_ES
CCEST,Facebook,https://www.facebook.com/ArgEnCiudaddeleste/
CCEST,Instagram,https://www.instagram.com/argenciudaddeleste
EPARA,Facebook,https://www.facebook.com/embajada.paraguay
EPARA,Twitter,https://twitter.com/argenparaguay_
EPERU,Facebook,https://www.facebook.com/ArgentinaEnPeru
EPERU,Twitter,https://twitter.com/Emb_Arg_Peru
EFILI,Facebook,https://www.facebook.com/ArgentinaEnFilipinas
EFILI,Instagram,https://www.instagram.com/argentinaenfilipinas/
EFILI,Twitter,https://twitter.com/ArgentinaEnFili
EPOLO,Facebook,https://www.facebook.com/Embajada-de-la-Rep%C3%BAblica-Argentina-en-Polonia-1726942037398853/
EQATR,Instagram,https://www.instagram.com/embargenqatar/
EQATR,Twitter,https://twitter.com/embargenqatar
ERUMA,Facebook,https://www.facebook.com/ArgentinaEnRumania
ERUMA,Instagram,https://www.instagram.com/argentinaenrumania
EFRUS,Facebook,https://www.facebook.com/EMBAJADAARGENTINAENMOSCU
EFRUS,Twitter,https://twitter.com/EmbArgRusia
EARAB,Facebook,https://www.facebook.com/argentinaenarabiasaudita/
EARAB,Instagram,https://www.instagram.com/arginsaudi/
EARAB,Twitter,https://twitter.com/ensaudita
ESENE,Twitter,https://twitter.com/argensenegal
ESERB,Facebook,Facebook.com/ArgentinaEnSerbia
ESERB,Instagram,Instagram.com/ARGinSerbia
ESING,Instagram,https://instagram.com/argentine_embassy_singapore?igshid=YmMyMTA2M2Y=
ESING,Twitter,https://twitter.com/ARGinSingapore
ESAFR,Facebook,facebook.com/ArgenSudafrica
ESAFR,Instagram,https://www.instagram.com/argentinaensudafrica
ESAFR,Twitter,https://twitter.com/EmbArgentina
CBARC,Facebook,facebook.com/ArgEnBarcelona
CBARC,Instagram,instagram.com/argenbarcelona
CBARC,Linkedin,linkedin.com/company/consulado-y-centro-de-promoci%C3%B3n-de-la-republica-argentina-en-barcelona/mycompany/
CBARC,Twitter,twitter.com/ARGenBarcelona
CCADI,Facebook,www.facebook.com/ArgentinaEnCadiz
CMADR,Facebook,https://www.facebook.com/ArgentinaEnMadridEsp/
CMALL,Facebook,https://www.facebook.com/ArgentinaEnPalmaDeMallorca
CTENE,Facebook,www.facebook.com/argentinaentenerife
CVIGO,Facebook,facebook.com/ArgentinaenVigo
CVIGO,Instagram,https://www.instagram.com/argenvigo/
EESPA,Facebook,https://www.facebook.com/argenespa/
EESPA,Instagram,https://www.instagram.com/argenespa/
EESPA,Twitter,https://twitter.com/ARGenesp
EOIRS,Facebook,https://www.facebook.com/ArgentinaEnGinebra
EOIRS,Instagram,www.instagram.com/misionargentinaonu
EOIRS,Twitter,https://twitter.com/ArgentinaONUOMC
EOIRS,Youtube,https://www.youtube.com/channel/UCSOsChik8j7nFJZnPq6K7Ag
EASIR,Facebook,https://www.facebook.com/Embajada-Argentina-en-Siria-112176794025495
ETAIL,Facebook,https://www.facebook.com/ArgEnTailandiaBangkok/?tn-str=k*F
ETRIN,Facebook,www.facebook.com/ArgentinaEnTrinidadYTobago
ETUNE,Facebook,https://www.facebook.com/ArgEnTunez/
ETUNE,Instagram,https://www.instagram.com/embargentinatn
ETUNE,Twitter,https://www.twitter.com/EmbajadaTunez
ETUNE,Youtube,https://www.youtube.com/channel/UC8kSZug1SPHrp3r1hGzhjtg
ETURQ,Facebook,https://www.facebook.com/Argentinaenturquia/?locale=es_LA
ETURQ,Instagram,https://www.instagram.com/embargenturquia/
ETURQ,Twitter,https://twitter.com/argenturquia
EUCRA,Facebook,https://www.facebook.com/ArgentinaEnUcrania
EUCRA,Instagram,https://www.instagram.com/argenucrania/
EEARB,Facebook,https://www.facebook.com/ArgentinaEnEmiratosArabesUnidos
CCHIC,Facebook,https://www.facebook.com/ArgentinaEnChicago
CCHIC,Twitter,https://twitter.com/argenchicago
CCHIC,Youtube,https://www.youtube.com/channel/UCjZ3a6zTr156aP_zg-1lQfQ/featured
CHOUS,Facebook,https://www.facebook.com/ArgentinaEnHouston/
CHOUS,Twitter,https://twitter.com/houstonarg
CLANG,Facebook,https://www.facebook.com/ArgentinaEnLosAngeles/?ref=aymt_homepage_panel
CLANG,Instagram,https://www.instagram.com/arg_clang/?hl=es
CMIAM,Facebook,https://es-la.facebook.com/consuladoargentino.miami/
CMIAM,Instagram,https://www.instagram.com/consuladoargentinomia/?hl=es
CMIAM,Twitter,https://twitter.com/argenmiami
CNYOR,Facebook,https://www.facebook.com/ARGenNewYork
CNYOR,Instagram,https://www.instagram.com/argennewyork/
CNYOR,Twitter,https://twitter.com/ARGenNewYork
CNYOR,Youtube,https://www.youtube.com/channel/UCJFygvT8lgEo1PrQqsHqMKg
EEEUU,Facebook,https://www.facebook.com/ARGinUSA/
EEEUU,Flickr,https://www.flickr.com/photos/ARGinUSA/
EEEUU,Instagram,https://www.instagram.com/ARGinUSA/
EEEUU,Linkedin,www.linkedin.com/in/ARGinUSA
EEEUU,Twitter,https://twitter.com/ARGinUSA
EEEUU,Youtube,https://www.youtube.com/ARGinUSA
EEOEA,Facebook,www.facebook.com/ARGenOEA/
EEOEA,Instagram,www.instagram.com/argenoea/
EEOEA,Twitter,www.twitter.com/ARGenOEA
EEOEA,Youtube,www.youtube.com/channel/UCqjmCa0UfL3_I3Ovqz5ZAag/featured
CCOLO,Facebook,https://www.facebook.com/ArgentinaenColonia
CMALD,Facebook,https://www.facebook.com/pg/ConsuladoArgentinoenMaldonado/posts/?ref=page_internal
CMALD,Instagram,https://www.instagram.com/consulado_argentino/
CMDEO,Facebook,https://www.facebook.com/ArgentinaEnMontevideo/
CSLTO,Instagram,https://www.instagram.com/consuladoargentinoensalto/?hl=es-la
EURUG,Facebook,https://www.facebook.com/ArgentinaEnUru/
EURUG,Instagram,https://www.instagram.com/argentinaenuru/
EURUG,Twitter,https://twitter.com/ArgentinaEnUru
EVENE,Facebook,https://www.facebook.com/EmbajadaArgentinaEnVenezuela
EVENE,Instagram,https://www.instagram.com/argenvenezuela/
EVENE,Twitter,https://twitter.com/argenvenezuela?lang=es
EVIET,Facebook,https://www.facebook.com/ArgentinaEnVietnam/
EVIET,Instagram,https://www.instagram.com/argenvietnam/
REPAL,Facebook,https://www.facebook.com/ArgEnPalestina
CANTO,Facebook,https://www.facebook.com/Consulado-de-la-Rep%C3%BAblica-Argentina-en-Antofagasta-255728465291743/
CAREN,Facebook,https://www.facebook.com/profile.php?id=100014152878593
CCONC,Facebook,https://www.facebook.com/ArgentinaEnHouston/
CCONC,Twitter,https://twitter.com/houstonarg
CPMON,Facebook,https://www.facebook.com/ArgentinaEnPuertoMontt/
CVALP,Facebook,https://www.facebook.com/ArgentinaEnValparaiso
EHILE,Facebook,https://www.facebook.com/EmbArgentinaEnChile
EHILE,Instagram,https://www.instagram.com/embargenchile/
EHILE,Twitter,https://twitter.com/EmbArgEnChile
ELBNO,Facebook,https://www.facebook.com/ArgentinaEnLibano
ESUEC,Facebook,https://www.facebook.com/arginsweden/
ESUEC,Instagram,https://www.instagram.com/arginsweden/
ESUEC,Linkedin,https://se.linkedin.com/showcase/arginsweden
