Pais,Cantidad de Redes
Alemania,2
Angola,2
Arabia Saudita,3
Argelia,3
Armenia,3
Australia,2
Austria,3
Azerbaiyán,3
Barbados,1
Bolivia,3
Brasil,3
Bulgaria,2
Bélgica,6
Canadá,5
Catar,2
Chile,3
China,1
Colombia,3
Corea del Sur,2
Costa Rica,1
Cuba,1
Dinamarca,1
Ecuador,3
Egipto,3
El Salvador,3
Emiratos Árabes Unidos,1
España,4
Estados Unidos,6
Etiopía,3
Filipinas,3
Finlandia,2
Francia,2
Grecia,2
Hungría,1
India,3
Indonesia,1
Irlanda,2
Israel,2
Italia,4
Jamaica,2
Japón,2
Kenia,2
Kuwait,1
Lebanon,1
Malasia,1
Marruecos,2
Mozambique,2
México,4
Nicaragua,2
Nigeria,2
Noruega,2
Pakistán,1
Palestina,1
Panamá,1
Paraguay,3
Países Bajos,2
Perú,2
Polonia,1
República Checa,2
República Dominicana,1
Rumanía,2
Rusia,2
Senegal,1
Serbia,2
Singapur,2
Siria,1
Sudáfrica,3
Suiza,4
Sweden,3
Tailandia,1
Trinidad y Tobago,1
Turquía,3
Túnez,4
Ucrania,2
Uruguay,3
Venezuela,3
Vietnam,2
